{"loss": [0.39140355587005615, 0.24578002095222473, 0.21871814131736755, 0.19921140372753143, 0.1828947216272354, 0.16775259375572205, 0.15790323913097382, 0.15224005281925201, 0.14422473311424255, 0.13960233330726624], "accuracy": [0.8714603781700134, 0.919230043888092, 0.9289564490318298, 0.9353169202804565, 0.9402280449867249, 0.9445881843566895, 0.9476426839828491, 0.9493435621261597, 0.9520986080169678, 0.953032910823822], "val_loss": [0.04618007689714432, 0.0589531846344471, 0.06031537428498268, 0.04712284356355667, 0.009711235761642456, 0.024756338447332382, 0.05307091027498245, 0.054023221135139465, 0.015650564804673195, 0.06450888514518738], "val_accuracy": [1.0, 0.96875, 0.96875, 0.96875, 1.0, 1.0, 0.96875, 0.96875, 1.0, 0.96875]}